Flight No.,Launch site,Payload,Payload mass,Orbit,Customer,Launch outcome,Version Booster,Booster landing,Date,Time
,CCAFS,Dragon Spacecraft Qualification Unit,0,LEO,SpaceX,"Success
",4 June 2010,Failure,4 June 2010,18:45
,CCAFS,Dragon,0,LEO,NASA,Success,4 June 2010,Failure,4 June 2010,18:45
,CCAFS,Dragon,525 kg,LEO,NASA,Success,4 June 2010,"Not attempted
",4 June 2010,18:45
,CCAFS,SpaceX CRS-1,"4,700 kg",LEO,NASA,"Success
",8 December 2010,No attempt,8 December 2010,15:43
,CCAFS,SpaceX CRS-2,"4,877 kg",LEO,NASA,"Success
",22 May 2012,"Not attempted
",22 May 2012,07:44
,CCAFS,CASSIOPE,500 kg,Polar orbit,MDA,Success,8 October 2012,Uncontrolled,8 October 2012,00:35
,VAFB,SES-8,"3,170 kg",GTO,SES,Success,1 March 2013,Not attempted,1 March 2013,15:10
,CCAFS,Thaicom 6,"3,325 kg",GTO,Thaicom,Success,29 September 2013,Not attempted,29 September 2013,16:00
,CCAFS,SpaceX CRS-3,"2,296 kg",LEO,NASA,"Success
",3 December 2013,Controlled,3 December 2013,22:41
,Cape Canaveral,Orbcomm-OG2,"1,316 kg",LEO,Orbcomm,Success,6 January 2014,Controlled,6 January 2014,22:06
,Cape Canaveral,AsiaSat 8,"4,535 kg",GTO,AsiaSat,Success,18 April 2014,Not attempted,18 April 2014,19:25
,Cape Canaveral,AsiaSat 6,"4,428 kg",GTO,AsiaSat,Success,14 July 2014,"Not attempted
",14 July 2014,15:15
,Cape Canaveral,SpaceX CRS-4,"2,216 kg",LEO,NASA,Success,5 August 2014,Uncontrolled,5 August 2014,08:00
,Cape Canaveral,SpaceX CRS-5,"2,395 kg",LEO,NASA,Success,7 September 2014,Failure ,7 September 2014,05:00
,Cape Canaveral,DSCOVR,570 kg,HEO,USAF,"Success
",21 September 2014,Controlled,21 September 2014,05:52
,Cape Canaveral,ABS-3A,"4,159 kg",GTO,ABS,"Success
",10 January 2015,Not attempted,10 January 2015,09:47
,Cape Canaveral,SpaceX CRS-6,"1,898 kg",LEO,NASA,"Success
",11 February 2015,Failure,11 February 2015,23:03
,Cape Canaveral,TürkmenÄlem 52°E / MonacoSAT,"4,707 kg",GTO,,"Success
",2 March 2015,Not attempted,2 March 2015,03:50
,Cape Canaveral,SpaceX CRS-7,"1,952 kg",LEO,NASA,Failure,14 April 2015,Precluded,14 April 2015,20:10
,Cape Canaveral,Orbcomm-OG2,"2,034 kg",LEO,Orbcomm,"Success
",27 April 2015,Success,27 April 2015,23:03
,Cape Canaveral,Jason-3,553 kg,LEO,NASA,"Success
",28 June 2015,Failure,28 June 2015,14:21
,VAFB,SES-9,"5,271 kg",GTO,SES,"Success
",22 December 2015,Failure,22 December 2015,01:29
,Cape Canaveral,SpaceX CRS-8,"3,136 kg",LEO,NASA,Success,17 January 2016,Success,17 January 2016,18:42
,Cape Canaveral,JCSAT-14,"4,696 kg",GTO,SKY Perfect JSAT Group,"Success
",4 March 2016,Success,4 March 2016,23:35
,Cape Canaveral,Thaicom 8,"3,100 kg",GTO,Thaicom,"Success
",8 April 2016,Success,8 April 2016,20:43
,Cape Canaveral,ABS-2A,"3,600 kg",GTO,ABS,"Success
",6 May 2016,Failure,6 May 2016,05:21
,Cape Canaveral,SpaceX CRS-9,"2,257 kg",LEO,NASA,"Success
",27 May 2016,Success,27 May 2016,21:39
,Cape Canaveral,JCSAT-16,"4,600 kg",GTO,SKY Perfect JSAT Group,"Success
",15 June 2016,Success,15 June 2016,14:29
,Cape Canaveral,Iridium NEXT,"9,600 kg",Polar,Iridium Communications,"Success
",18 July 2016,Success,18 July 2016,04:45
,VAFB,SpaceX CRS-10,"2,490 kg",LEO,NASA,"Success
",14 August 2016,Success,14 August 2016,05:26
,KSC,EchoStar 23,"5,600 kg",GTO,EchoStar,"Success
",14 January 2017,Not attempted,14 January 2017,17:54
,KSC,SES-10,"5,300 kg",GTO,SES,Success,19 February 2017,Success,19 February 2017,14:39
,KSC,NROL-76,C,LEO,NRO,"Success
",16 March 2017,Success,16 March 2017,06:00
,KSC,Inmarsat-5 F4,"6,070 kg",GTO,Inmarsat,"Success
",30 March 2017,Not attempted,30 March 2017,22:27
,KSC,SpaceX CRS-11,"2,708 kg",LEO,NASA,"Success
",1 May 2017,Success,1 May 2017,11:15
,KSC,BulgariaSat-1,"3,669 kg",GTO,Bulsatcom,"Success
",15 May 2017,Success,15 May 2017,23:21
,KSC,Iridium NEXT,"9,600 kg",LEO,Iridium Communications,"Success
",3 June 2017,Success,3 June 2017,21:07
,VAFB,Intelsat 35e,"6,761 kg",GTO,Intelsat,"Success
",23 June 2017,Not attempted,23 June 2017,19:10
,KSC,SpaceX CRS-12,"3,310 kg",LEO,NASA,"Success
",25 June 2017,Success,25 June 2017,20:25
,KSC,Formosat-5,475 kg,SSO,NSPO,"Success
",5 July 2017,Success,5 July 2017,23:38
,VAFB,Boeing X-37B,"4,990 kg",LEO,USAF,"Success
",14 August 2017,Success,14 August 2017,16:31
,KSC,Iridium NEXT,"9,600 kg",Polar,Iridium Communications,"Success
",24 August 2017,Success,24 August 2017,18:51
,VAFB,SES-11,"5,200 kg",GTO,SES S.A.,"Success
",7 September 2017,Success,7 September 2017,14:00
,KSC,Koreasat 5A,"3,500 kg",GTO,KT Corporation,"Success
",9 October 2017,Success,9 October 2017,12:37
,KSC,SpaceX CRS-13,"2,205 kg",LEO,NASA,"Success
",11 October 2017,Success,11 October 2017,22:53:00
,Cape Canaveral,Iridium NEXT,"9,600 kg",Polar,Iridium Communications,Success,30 October 2017,Controlled,30 October 2017,19:34
,VAFB,Zuma,C,LEO,Northrop Grumman,Success,15 December 2017,Success,15 December 2017,15:36
,CCAFS,GovSat-1,"4,230 kg",GTO,SES,Success,23 December 2017,Controlled,23 December 2017,01:27
,CCAFS,Paz,"2,150 kg",SSO,Hisdesat,Success,8 January 2018,Not attempted,8 January 2018,01:00
,VAFB,Hispasat 30W-6,"6,092 kg",GTO,Hispasat,Success,31 January 2018,No attempt,31 January 2018,21:25
,CCAFS,Iridium NEXT,"9,600 kg",Polar,Iridium Communications,Success,22 February 2018,No attempt,22 February 2018,14:17
,VAFB,SpaceX CRS-14,"2,647 kg",LEO,NASA,Success,6 March 2018,Not attempted,6 March 2018,05:33
,CCAFS,Transiting Exoplanet Survey Satellite,362 kg,HEO,NASA,Success,30 March 2018,Success,30 March 2018,14:14
,CCAFS,Bangabandhu-1,"3,600 kg",GTO,Thales-Alenia,Success,2 April 2018,Success,2 April 2018,20:30
,KSC,Iridium NEXT,"6,460 kg",Polar,Iridium Communications,Success,18 April 2018,Not attempted,18 April 2018,22:51
,VAFB,SES-12,"5,384 kg",GTO,SES,Success,11 May 2018,Not attempted,11 May 2018,20:14
,CCAFS,SpaceX CRS-15,"2,697 kg",LEO,NASA,Success,22 May 2018,Not attempted,22 May 2018,19:47
,CCAFS,Telstar 19V,"7,075 kg",GTO,Telesat,Success,4 June 2018,Success,4 June 2018,04:45
,CCAFS,Iridium NEXT,"9,600 kg",Polar,Iridium Communications,Success,29 June 2018,Success,29 June 2018,09:42
,VAFB,Merah Putih,"5,800 kg",GTO,Telkom Indonesia,Success,22 July 2018,Success,22 July 2018,05:50
,CCAFS,Telstar 18V,"7,060 kg",GTO,Telesat,Success,25 July 2018,Success,25 July 2018,11:39
,CCAFS,SAOCOM 1A,"3,000 kg",SSO,CONAE,Success,7 August 2018,Success,7 August 2018,05:18
,VAFB,Es'hail 2,"5,300 kg",GTO,Es'hailSat,Success,10 September 2018,Success,10 September 2018,04:45
,KSC,SSO-A,"~4,000 kg",SSO,Spaceflight Industries,Success,8 October 2018,Success,8 October 2018,02:22
,VAFB,SpaceX CRS-16,"2,500 kg",LEO,NASA,"Success
",15 November 2018,Failure,15 November 2018,20:46
,CCAFS,GPS III,"4,400 kg",MEO,USAF,Success,3 December 2018,Not attempted,3 December 2018,18:34:05
,CCAFS,Iridium NEXT,"9,600 kg",Polar,Iridium Communications,"Success
",5 December 2018,Success,5 December 2018,18:16
,VAFB,Nusantara Satu,"4,850 kg",GTO,PSN,"Success
",23 December 2018,Success,23 December 2018,13:51
,CCAFS,Crew Dragon Demo-1,"12,055 kg",LEO,NASA,"Success
",11 January 2019,Success,11 January 2019,15:31
,KSC,SpaceX CRS-17,"2,495 kg",LEO,NASA,"Success
",22 February 2019,Success,22 February 2019,01:45
,CCAFS,Starlink,"13,620 kg",LEO,SpaceX,"Success
",2 March 2019,Success,2 March 2019,07:49
,CCAFS,RADARSAT Constellation,"4,200 kg",SSO,Canadian Space Agency,"Success
",4 May 2019,Success,4 May 2019,06:48
,VAFB,SpaceX CRS-18,"2,268 kg",LEO,NASA,"Success
",24 May 2019,Success,24 May 2019,02:30
,CCAFS,AMOS-17,"6,500 kg",GTO,Spacecom,"Success
",12 June 2019,Not attempted,12 June 2019,14:17
,CCAFS,Starlink,"15,600 kg",LEO,SpaceX,"Success
",25 July 2019,Success,25 July 2019,22:01
,CCAFS,SpaceX CRS-19,"2,617 kg",LEO,NASA,"Success
",6 August 2019,Success,6 August 2019,23:23
,CCAFS,JCSat-18,"6,956 kg",GTO,Sky Perfect JSAT,"Success
",11 November 2019,Success,11 November 2019,14:56
,CCAFS,Starlink,"15,600 kg",LEO,SpaceX,"Success
",5 December 2019,Success,5 December 2019,17:29
,CCAFS,Crew Dragon in-flight abort test,"12,050 kg",Sub-orbital,NASA,"Success
",17 December 2019,"Not attempted
",17 December 2019,00:10
,KSC,Starlink,"15,600 kg",LEO,SpaceX,"Success
",7 January 2020,Success,7 January 2020,02:19:21
,CCAFS,Starlink,"15,600 kg",LEO,SpaceX,"Success
",19 January 2020,Failure,19 January 2020,15:30
,CCAFS,SpaceX CRS-20,"1,977 kg",LEO,NASA,"Success
",29 January 2020,Success,29 January 2020,14:07
,CCAFS,Starlink,"15,600 kg",LEO,SpaceX,"Success
",17 February 2020,Failure,17 February 2020,15:05
,KSC,Starlink,"15,600 kg",LEO,SpaceX,"Success
",7 March 2020,Success,7 March 2020,04:50
,KSC,Crew Dragon Demo-2,"12,530 kg",LEO,NASA,"Success
",18 March 2020,Success,18 March 2020,12:16
,KSC,Starlink,"15,600 kg",LEO,SpaceX,"Success
",22 April 2020,Success,22 April 2020,19:30
,CCAFS,Starlink,"15,410 kg",LEO,SpaceX,"Success
",30 May 2020,Success,30 May 2020,19:22
,CCAFS,GPS III,"4,311 kg",MEO,U.S. Space Force,"Success
",4 June 2020,Success,4 June 2020,01:25
,CCAFS,ANASIS-II,"5,000–6,000 kg",GTO,Republic of Korea Army,"Success
",13 June 2020,Success,13 June 2020,09:21
,CCAFS,Starlink,"14,932 kg",LEO,SpaceX,"Success
",30 June 2020,Success,30 June 2020,20:10:46
,KSC,Starlink,"~15,440 kg",LEO,SpaceX,"Success
",20 July 2020,Success,20 July 2020,21:30
,CCAFS,SAOCOM 1B,"3,130 kg",SSO,CONAE,"Success
",7 August 2020,Success,7 August 2020,05:12
,CCAFS,Starlink,"15,600 kg",LEO,SpaceX,"Success
",18 August 2020,Success,18 August 2020,14:31
,KSC,Starlink,"15,600 kg",LEO,SpaceX,"Success
",30 August 2020,Success,30 August 2020,23:18
,KSC,Starlink,"15,600 kg",LEO,SpaceX,"Success
",3 September 2020,Success,3 September 2020,12:46:14
,KSC,Starlink,"15,600 kg",LEO,SpaceX,"Success
",6 October 2020,Success,6 October 2020,11:29:34
,CCAFS,GPS III,"4,311 kg",MEO,USSF,"Success
",18 October 2020,Success,18 October 2020,12:25:57
,CCAFS,Crew-1,"~12,500 kg",LEO,NASA,"Success
",24 October 2020,Success,24 October 2020,15:31:34
,KSC,Sentinel-6 Michael Freilich (Jason-CS A),"1,192 kg",LEO,NASA,"Success
",5 November 2020,Success,5 November 2020,23:24:23
,VAFB,Starlink,"15,600 kg",LEO,SpaceX,"Success
",16 November 2020,Success,16 November 2020,00:27
,CCAFS,SpaceX CRS-21,"2,972 kg",LEO,NASA,"Success
",21 November 2020,Success,21 November 2020,17:17:08
,KSC,SXM-7,"7,000 kg",GTO,Sirius XM,"Success
",25 November 2020,Success,25 November 2020,02:13
,CCSFS,NROL-108,C,LEO,NRO,"Success
",6 December 2020,Success,6 December 2020,16:17:08
,KSC,Türksat 5A,"3,500 kg",GTO,Türksat,"Success
",13 December 2020,Success,13 December 2020,17:30:00
,CCSFS,Starlink,"15,600 kg",LEO,SpaceX,"Success
",19 December 2020,Success,19 December 2020,14:00:00
,KSC,Transporter-1,"~5,000 kg",SSO,SpaceX,"Success
",8 January 2021,Failure,8 January 2021,02:15
,CCSFS,Dragon Spacecraft Qualification Unit,0,LEO,NASA,Success,20 January 2021,Failure,20 January 2021,13:02
,CCAFS,Dragon,0,LEO,NASA,Success,24 January 2021,"Not attempted
",24 January 2021,15:00
,CCAFS,Dragon,525 kg,LEO,NASA,"Success
",4 June 2010,No attempt,4 June 2010,18:45
,CCAFS,SpaceX CRS-1,"4,700 kg",LEO,NASA,"Success
",8 December 2010,"Not attempted
",8 December 2010,15:43
,CCAFS,SpaceX CRS-2,"4,877 kg",LEO,MDA,Success,22 May 2012,Uncontrolled,22 May 2012,07:44
,CCAFS,CASSIOPE,500 kg,Polar orbit,SES,Success,8 October 2012,Not attempted,8 October 2012,00:35
,VAFB,SES-8,"3,170 kg",GTO,Thaicom,Success,1 March 2013,Not attempted,1 March 2013,15:10
,CCAFS,Thaicom 6,"3,325 kg",GTO,NASA,"Success
",29 September 2013,Controlled,29 September 2013,16:00
,CCAFS,SpaceX CRS-3,"2,296 kg",LEO,Orbcomm,Success,3 December 2013,Controlled,3 December 2013,22:41
,Cape Canaveral,Orbcomm-OG2,"1,316 kg",LEO,AsiaSat,Success,6 January 2014,Not attempted,6 January 2014,22:06
,Cape Canaveral,AsiaSat 8,"4,535 kg",GTO,AsiaSat,Success,18 April 2014,"Not attempted
",18 April 2014,19:25
,Cape Canaveral,AsiaSat 6,"4,428 kg",GTO,NASA,Success,14 July 2014,Uncontrolled,14 July 2014,15:15
,Cape Canaveral,SpaceX CRS-4,"2,216 kg",LEO,NASA,Success,5 August 2014,Failure ,5 August 2014,08:00
,Cape Canaveral,SpaceX CRS-5,"2,395 kg",LEO,USAF,"Success
",7 September 2014,Controlled,7 September 2014,05:00
,Cape Canaveral,DSCOVR,570 kg,HEO,ABS,"Success
",21 September 2014,Not attempted,21 September 2014,05:52
,Cape Canaveral,ABS-3A,"4,159 kg",GTO,NASA,"Success
",10 January 2015,Failure,10 January 2015,09:47
,Cape Canaveral,SpaceX CRS-6,"1,898 kg",LEO,,"Success
",11 February 2015,Not attempted,11 February 2015,23:03
,Cape Canaveral,TürkmenÄlem 52°E / MonacoSAT,"4,707 kg",GTO,NASA,Failure,2 March 2015,Precluded,2 March 2015,03:50
,Cape Canaveral,SpaceX CRS-7,"1,952 kg",LEO,Orbcomm,"Success
",14 April 2015,Success,14 April 2015,20:10
,Cape Canaveral,Orbcomm-OG2,"2,034 kg",LEO,NASA,"Success
",27 April 2015,Failure,27 April 2015,23:03
,Cape Canaveral,Jason-3,553 kg,LEO,SES,"Success
",28 June 2015,Failure,28 June 2015,14:21
,VAFB,SES-9,"5,271 kg",GTO,NASA,Success,22 December 2015,Success,22 December 2015,01:29
,Cape Canaveral,SpaceX CRS-8,"3,136 kg",LEO,SKY Perfect JSAT Group,"Success
",17 January 2016,Success,17 January 2016,18:42
,Cape Canaveral,JCSAT-14,"4,696 kg",GTO,Thaicom,"Success
",4 March 2016,Success,4 March 2016,23:35
,Cape Canaveral,Thaicom 8,"3,100 kg",GTO,ABS,"Success
",8 April 2016,Failure,8 April 2016,20:43
,Cape Canaveral,ABS-2A,"3,600 kg",GTO,NASA,"Success
",6 May 2016,Success,6 May 2016,05:21
,Cape Canaveral,SpaceX CRS-9,"2,257 kg",LEO,SKY Perfect JSAT Group,"Success
",27 May 2016,Success,27 May 2016,21:39
,Cape Canaveral,JCSAT-16,"4,600 kg",GTO,Iridium Communications,"Success
",15 June 2016,Success,15 June 2016,14:29
,Cape Canaveral,Iridium NEXT,"9,600 kg",Polar,NASA,"Success
",18 July 2016,Success,18 July 2016,04:45
,VAFB,SpaceX CRS-10,"2,490 kg",LEO,EchoStar,"Success
",14 August 2016,Not attempted,14 August 2016,05:26
,KSC,EchoStar 23,"5,600 kg",GTO,SES,Success,14 January 2017,Success,14 January 2017,17:54
,KSC,SES-10,"5,300 kg",GTO,NRO,"Success
",19 February 2017,Success,19 February 2017,14:39
,KSC,NROL-76,C,LEO,Inmarsat,"Success
",16 March 2017,Not attempted,16 March 2017,06:00
,KSC,Inmarsat-5 F4,"6,070 kg",GTO,NASA,"Success
",30 March 2017,Success,30 March 2017,22:27
,KSC,SpaceX CRS-11,"2,708 kg",LEO,Bulsatcom,"Success
",1 May 2017,Success,1 May 2017,11:15
,KSC,BulgariaSat-1,"3,669 kg",GTO,Iridium Communications,"Success
",15 May 2017,Success,15 May 2017,23:21
,KSC,Iridium NEXT,"9,600 kg",LEO,Intelsat,"Success
",3 June 2017,Not attempted,3 June 2017,21:07
,VAFB,Intelsat 35e,"6,761 kg",GTO,NASA,"Success
",23 June 2017,Success,23 June 2017,19:10
,KSC,SpaceX CRS-12,"3,310 kg",LEO,NSPO,"Success
",25 June 2017,Success,25 June 2017,20:25
,KSC,Formosat-5,475 kg,SSO,USAF,"Success
",5 July 2017,Success,5 July 2017,23:38
,VAFB,Boeing X-37B,"4,990 kg",LEO,Iridium Communications,"Success
",14 August 2017,Success,14 August 2017,16:31
,KSC,Iridium NEXT,"9,600 kg",Polar,SES S.A.,"Success
",24 August 2017,Success,24 August 2017,18:51
,VAFB,SES-11,"5,200 kg",GTO,KT Corporation,"Success
",7 September 2017,Success,7 September 2017,14:00
,KSC,Koreasat 5A,"3,500 kg",GTO,NASA,"Success
",9 October 2017,Success,9 October 2017,12:37
,KSC,SpaceX CRS-13,"2,205 kg",LEO,Iridium Communications,Success,11 October 2017,Controlled,11 October 2017,22:53:00
,Cape Canaveral,Iridium NEXT,"9,600 kg",Polar,Northrop Grumman,Success,30 October 2017,Success,30 October 2017,19:34
,VAFB,Zuma,C,LEO,SES,Success,15 December 2017,Controlled,15 December 2017,15:36
,CCAFS,GovSat-1,"4,230 kg",GTO,Hisdesat,Success,23 December 2017,Not attempted,23 December 2017,01:27
,CCAFS,Paz,"2,150 kg",SSO,Hispasat,Success,8 January 2018,No attempt,8 January 2018,01:00
,VAFB,Hispasat 30W-6,"6,092 kg",GTO,Iridium Communications,Success,31 January 2018,No attempt,31 January 2018,21:25
,CCAFS,Iridium NEXT,"9,600 kg",Polar,NASA,Success,22 February 2018,Not attempted,22 February 2018,14:17
,VAFB,SpaceX CRS-14,"2,647 kg",LEO,NASA,Success,6 March 2018,Success,6 March 2018,05:33
,CCAFS,Transiting Exoplanet Survey Satellite,362 kg,HEO,Thales-Alenia,Success,30 March 2018,Success,30 March 2018,14:14
,CCAFS,Bangabandhu-1,"3,600 kg",GTO,Iridium Communications,Success,2 April 2018,Not attempted,2 April 2018,20:30
,KSC,Iridium NEXT,"6,460 kg",Polar,SES,Success,18 April 2018,Not attempted,18 April 2018,22:51
,VAFB,SES-12,"5,384 kg",GTO,NASA,Success,11 May 2018,Not attempted,11 May 2018,20:14
,CCAFS,SpaceX CRS-15,"2,697 kg",LEO,Telesat,Success,22 May 2018,Success,22 May 2018,19:47
,CCAFS,Telstar 19V,"7,075 kg",GTO,Iridium Communications,Success,4 June 2018,Success,4 June 2018,04:45
,CCAFS,Iridium NEXT,"9,600 kg",Polar,Telkom Indonesia,Success,29 June 2018,Success,29 June 2018,09:42
,VAFB,Merah Putih,"5,800 kg",GTO,Telesat,Success,22 July 2018,Success,22 July 2018,05:50
,CCAFS,Telstar 18V,"7,060 kg",GTO,CONAE,Success,25 July 2018,Success,25 July 2018,11:39
,CCAFS,SAOCOM 1A,"3,000 kg",SSO,Es'hailSat,Success,7 August 2018,Success,7 August 2018,05:18
,VAFB,Es'hail 2,"5,300 kg",GTO,Spaceflight Industries,Success,10 September 2018,Success,10 September 2018,04:45
,KSC,SSO-A,"~4,000 kg",SSO,NASA,"Success
",8 October 2018,Failure,8 October 2018,02:22
,VAFB,SpaceX CRS-16,"2,500 kg",LEO,USAF,Success,15 November 2018,Not attempted,15 November 2018,20:46
,CCAFS,GPS III,"4,400 kg",MEO,Iridium Communications,"Success
",3 December 2018,Success,3 December 2018,18:34:05
,CCAFS,Iridium NEXT,"9,600 kg",Polar,PSN,"Success
",5 December 2018,Success,5 December 2018,18:16
,VAFB,Nusantara Satu,"4,850 kg",GTO,NASA,"Success
",23 December 2018,Success,23 December 2018,13:51
,CCAFS,Crew Dragon Demo-1,"12,055 kg",LEO,NASA,"Success
",11 January 2019,Success,11 January 2019,15:31
,KSC,SpaceX CRS-17,"2,495 kg",LEO,SpaceX,"Success
",22 February 2019,Success,22 February 2019,01:45
,CCAFS,Starlink,"13,620 kg",LEO,Canadian Space Agency,"Success
",2 March 2019,Success,2 March 2019,07:49
,CCAFS,RADARSAT Constellation,"4,200 kg",SSO,NASA,"Success
",4 May 2019,Success,4 May 2019,06:48
,VAFB,SpaceX CRS-18,"2,268 kg",LEO,Spacecom,"Success
",24 May 2019,Not attempted,24 May 2019,02:30
,CCAFS,AMOS-17,"6,500 kg",GTO,SpaceX,"Success
",12 June 2019,Success,12 June 2019,14:17
,CCAFS,Starlink,"15,600 kg",LEO,NASA,"Success
",25 July 2019,Success,25 July 2019,22:01
,CCAFS,SpaceX CRS-19,"2,617 kg",LEO,Sky Perfect JSAT,"Success
",6 August 2019,Success,6 August 2019,23:23
,CCAFS,JCSat-18,"6,956 kg",GTO,SpaceX,"Success
",11 November 2019,Success,11 November 2019,14:56
,CCAFS,Starlink,"15,600 kg",LEO,NASA,"Success
",5 December 2019,"Not attempted
",5 December 2019,17:29
,CCAFS,Crew Dragon in-flight abort test,"12,050 kg",Sub-orbital,SpaceX,"Success
",17 December 2019,Success,17 December 2019,00:10
,KSC,Starlink,"15,600 kg",LEO,SpaceX,"Success
",7 January 2020,Failure,7 January 2020,02:19:21
,CCAFS,Starlink,"15,600 kg",LEO,NASA,"Success
",19 January 2020,Success,19 January 2020,15:30
,CCAFS,SpaceX CRS-20,"1,977 kg",LEO,SpaceX,"Success
",29 January 2020,Failure,29 January 2020,14:07
,CCAFS,Starlink,"15,600 kg",LEO,SpaceX,"Success
",17 February 2020,Success,17 February 2020,15:05
,KSC,Starlink,"15,600 kg",LEO,NASA,"Success
",7 March 2020,Success,7 March 2020,04:50
,KSC,Crew Dragon Demo-2,"12,530 kg",LEO,SpaceX,"Success
",18 March 2020,Success,18 March 2020,12:16
,KSC,Starlink,"15,600 kg",LEO,SpaceX,"Success
",22 April 2020,Success,22 April 2020,19:30
,CCAFS,Starlink,"15,410 kg",LEO,U.S. Space Force,"Success
",30 May 2020,Success,30 May 2020,19:22
,CCAFS,GPS III,"4,311 kg",MEO,Republic of Korea Army,"Success
",4 June 2020,Success,4 June 2020,01:25
,CCAFS,ANASIS-II,"5,000–6,000 kg",GTO,SpaceX,"Success
",13 June 2020,Success,13 June 2020,09:21
,CCAFS,Starlink,"14,932 kg",LEO,SpaceX,"Success
",30 June 2020,Success,30 June 2020,20:10:46
,KSC,Starlink,"~15,440 kg",LEO,CONAE,"Success
",20 July 2020,Success,20 July 2020,21:30
,CCAFS,SAOCOM 1B,"3,130 kg",SSO,SpaceX,"Success
",7 August 2020,Success,7 August 2020,05:12
,CCAFS,Starlink,"15,600 kg",LEO,SpaceX,"Success
",18 August 2020,Success,18 August 2020,14:31
,KSC,Starlink,"15,600 kg",LEO,SpaceX,"Success
",30 August 2020,Success,30 August 2020,23:18
,KSC,Starlink,"15,600 kg",LEO,SpaceX,"Success
",3 September 2020,Success,3 September 2020,12:46:14
,KSC,Starlink,"15,600 kg",LEO,USSF,"Success
",6 October 2020,Success,6 October 2020,11:29:34
,CCAFS,GPS III,"4,311 kg",MEO,NASA,"Success
",18 October 2020,Success,18 October 2020,12:25:57
,CCAFS,Crew-1,"~12,500 kg",LEO,NASA,"Success
",24 October 2020,Success,24 October 2020,15:31:34
,KSC,Sentinel-6 Michael Freilich (Jason-CS A),"1,192 kg",LEO,SpaceX,"Success
",5 November 2020,Success,5 November 2020,23:24:23
,VAFB,Starlink,"15,600 kg",LEO,NASA,"Success
",16 November 2020,Success,16 November 2020,00:27
,CCAFS,SpaceX CRS-21,"2,972 kg",LEO,Sirius XM,"Success
",21 November 2020,Success,21 November 2020,17:17:08
,KSC,SXM-7,"7,000 kg",GTO,NRO,"Success
",25 November 2020,Success,25 November 2020,02:13
,CCSFS,NROL-108,C,LEO,Türksat,"Success
",6 December 2020,Success,6 December 2020,16:17:08
,KSC,Türksat 5A,"3,500 kg",GTO,SpaceX,"Success
",13 December 2020,Success,13 December 2020,17:30:00
,CCSFS,Starlink,"15,600 kg",LEO,None,"Success
",19 December 2020,Success,19 December 2020,14:00:00
,KSC,Transporter-1,"~5,000 kg",SSO,SpaceX,"Success
",8 January 2021,Success,8 January 2021,02:15
,CCSFS,Starlink,"15,600 kg",LEO,SpaceX,"Success
",20 January 2021,Failure,20 January 2021,13:02
,CCSFS,Starlink,"15,600 kg",LEO,SpaceX,"Success
",24 January 2021,Success,24 January 2021,15:00
,CCSFS,Starlink,"15,600 kg",LEO,SpaceX,"Success
",4 February 2021,Success,4 February 2021,06:19
,KSC,Starlink,"15,600 kg",LEO,SpaceX,"Success
",16 February 2021,Success,16 February 2021,03:59:37
,CCSFS,Starlink,"15,600 kg",LEO,SpaceX,"Success
",4 March 2021,Success,4 March 2021,08:24
,KSC,Starlink,"15,600 kg",LEO,SpaceX,"Success
",11 March 2021,Success,11 March 2021,08:13:29
,CCSFS,Starlink,"15,600 kg",LEO,NASA,"Success
",14 March 2021,Success,14 March 2021,10:01
,CCSFS,Crew-2,"~13,000 kg",LEO,SpaceX,"Success
",24 March 2021,Success,24 March 2021,08:28
,KSC,Starlink,"15,600 kg",LEO,SpaceX,"Success
",7 April 2021,Success,7 April 2021,16:34
,CCSFS,Starlink,"15,600 kg",LEO,SpaceX,"Success
",23 April 2021,Success,23 April 2021,9:49
,KSC,Starlink,"15,600 kg",LEO,SpaceX,"Success
",29 April 2021,Success,29 April 2021,03:44
,CCSFS,Starlink,"~14,000 kg",LEO,SpaceX,"Success
",4 May 2021,Success,4 May 2021,19:01
,KSC,Starlink,"15,600 kg",LEO,NASA,"Success
",9 May 2021,Success,9 May 2021,06:42
,CCSFS,SpaceX CRS-22,"3,328 kg",LEO,Sirius XM,"Success
",15 May 2021,Success,15 May 2021,22:56
,KSC,SXM-8,"7,000 kg",GTO,,,26 May 2021,,26 May 2021,18:59
,CCSFS,,,,,,3 June 2021,,3 June 2021,17:29
,,,,,,,6 June 2021,,6 June 2021,04:26
